"iq","agility","speed","strength","damage.resistance","superpower","flexibility","willpower","ptsd","north_south","died","kills","injuries","minutes.fighting","shots.taken"
118,27,5.05,400,2.1,"no",-1.9,50,4.9,"south","no",0,2,9.8,139
109,54,4.98,782,2.09,"no",-2.2,38,3.8,"north","no",1,4,8.1,96
90,56,4.84,569,1.99,"no",-1,67,4.2,"south","no",10,3,24.1,162
114,63,5.24,535,2.19,"no",-0.3,58,3.5,"north","no",4,2,10.8,111
116,30,5.01,663,2.33,"no",-2.6,77,4.2,"south","no",5,3,11.9,107
137,62,4.79,435,2.05,"no",-0.9,97,2.6,"north","no",1,4,9.1,102
114,57,4.96,418,2,"no",-1.5,57,4.2,"north","yes",0,5,9.4,134
102,63,5.39,630,2.05,"no",-0.6,75,3.1,"north","no",14,4,17.3,128
98,70,5.14,480,1.71,"no",-0.2,92,3.9,"north","no",0,3,11.2,133
99,52,5.05,663,2,"no",-1.2,74,4.3,"south","no",9,4,16.8,137
112,47,5.04,494,2.07,"no",-1.2,102,3.4,"south","no",1,3,12.6,124
109,-11,4.25,22,1.62,"no",-1.3,52,4,"south","yes",0,5,4,255
108,33,4.85,591,2.11,"no",-2.6,52,4.3,"north","no",0,3,11.4,154
104,43,4.83,679,2.24,"no",-2.7,59,4.5,"south","no",1,2,13,129
118,33,5.15,599,2.15,"no",-1.4,70,5,"south","no",1,2,16.9,125
113,65,5.22,509,2.21,"no",0.9,113,3.2,"north","no",10,3,17.3,103
107,74,5.21,466,1.73,"no",-0.9,57,4.3,"south","no",2,4,10.9,100
110,35,5.07,579,2.15,"no",-1.7,56,4.2,"south","no",0,2,10.6,116
116,36,4.75,282,1.81,"no",-1.3,33,4.4,"north","no",0,5,5.7,184
102,46,5.15,745,2.19,"no",-1.5,36,4.3,"south","yes",1,4,10.1,80
109,38,4.88,425,1.97,"no",-2.1,35,4.4,"south","no",0,2,10,159
114,51,4.86,351,1.97,"no",0.6,84,4.1,"north","no",0,4,10.4,162
101,61,4.93,312,1.75,"no",-0.3,74,3.5,"south","no",1,4,10.8,130
108,56,5.07,556,2.09,"no",-1.5,94,4.1,"south","no",1,5,11.5,126
106,31,4.94,697,2.48,"no",-3,45,4.8,"north","no",1,2,11.1,73
107,36,5.01,167,1.67,"no",0.1,31,4.5,"south","no",0,5,5.7,133
106,62,5,463,1.93,"no",-1.3,46,4,"south","no",1,3,11,118
111,41,5.01,378,1.93,"no",-2.3,84,3.6,"north","no",0,5,10,145
104,47,4.92,352,1.67,"no",-1.9,53,3.6,"north","no",0,5,7,137
117,42,4.98,568,2.1,"no",-2.3,58,3.5,"north","no",2,5,10.1,123
129,45,5.28,616,2.24,"yes",-1.5,75,3.1,"north","no",3,1,11.5,100
107,50,5.23,461,1.84,"no",-0.5,73,3.8,"south","no",1,5,9.9,138
107,48,5.02,452,1.92,"no",-1.1,44,3.3,"north","no",0,4,8.9,125
94,72,5.11,518,1.83,"no",0.8,36,3.8,"north","no",4,2,13.3,126
103,32,4.66,600,2.26,"no",-2.5,56,5,"south","no",0,2,14.7,166
109,42,4.69,356,1.68,"no",-1.3,24,4,"north","no",0,5,3.5,174
114,26,4.74,215,1.78,"no",-0.6,97,4.3,"north","no",0,4,8.5,227
109,48,5.19,554,1.94,"no",-3.1,82,3.2,"south","no",1,4,12.7,124
107,42,4.81,339,2.14,"no",-2.2,52,4.1,"south","yes",0,5,9.1,123
118,60,5.26,708,1.99,"no",0.5,93,3.6,"south","no",4,3,15.7,98
112,47,4.77,473,2.04,"no",-1.8,72,3.8,"south","no",2,4,10.1,151
103,31,4.88,354,2.05,"no",-2.4,41,4.2,"south","no",0,4,9.4,149
112,47,5.18,729,2.1,"no",-1.6,97,3.7,"south","no",3,2,19.5,97
115,49,5.04,783,2.25,"no",-2.5,61,4,"north","no",2,2,9.7,108
128,60,5.01,693,2.07,"no",-1.3,58,3.6,"north","no",1,5,8.9,122
113,25,4.65,236,1.85,"no",-1.4,93,3.3,"north","yes",0,5,7.5,198
113,67,5.26,695,2.19,"yes",-0.2,57,3,"south","no",9,2,10.2,84
120,16,4.58,396,2.14,"no",-2.9,33,3.9,"south","no",0,4,8.6,161
115,66,5.05,585,2.05,"no",-0.8,57,4,"south","no",2,2,11,108
112,55,4.8,422,1.67,"no",-0.8,71,3.9,"north","no",0,5,5.2,169
103,76,5.11,509,1.78,"no",-0.4,51,4,"south","no",5,4,14.2,115
112,51,4.95,442,1.62,"no",-1.9,41,4.6,"south","no",0,4,5.3,167
116,63,4.98,426,1.77,"no",-0.9,45,3.7,"north","no",1,5,7.1,125
104,28,4.88,357,1.83,"no",-2,65,4.4,"north","no",0,5,7,169
119,44,4.79,270,1.95,"no",-0.4,51,4.1,"south","no",1,4,9.1,163
109,43,4.89,394,1.79,"no",-2.5,70,3.8,"south","no",0,5,8.3,153
120,68,5.15,670,1.97,"no",-0.5,31,4.5,"south","no",5,2,11.7,126
111,48,4.94,509,1.83,"no",-1.2,35,4.5,"south","yes",0,5,7.2,147
112,54,4.93,450,1.9,"no",-0.9,71,3.3,"south","no",3,4,21.7,140
111,17,4.72,238,2.02,"no",-2,67,3.5,"south","no",0,5,8.2,148
105,37,5.16,685,2.5,"no",-1.3,53,5.7,"south","no",5,1,12.7,91
110,46,5.06,567,2.13,"no",-1.5,43,2.9,"north","no",3,4,10.3,112
99,44,4.87,464,2.07,"no",-1.5,33,4.6,"south","no",1,2,18.3,138
91,39,5.07,226,1.86,"no",0.3,16,5.1,"south","no",0,4,8.4,138
113,67,4.89,462,2.04,"no",-0.5,85,4,"south","no",1,2,21.9,130
109,39,4.77,420,2.21,"no",-1.3,56,4.1,"north","no",0,4,10.8,143
94,43,5.12,464,1.89,"no",-0.5,42,4.6,"north","yes",0,5,11.6,127
123,45,4.95,589,2.39,"no",-1.5,65,5.3,"south","no",4,1,36,149
109,56,5.29,410,1.74,"no",1.2,69,3.9,"north","no",1,4,8.1,125
106,24,4.94,416,2.07,"no",-2,36,4.2,"south","no",0,5,9,135
105,60,5.1,441,1.91,"no",-0.2,33,4.2,"north","no",0,2,12,143
121,45,5.12,440,2.21,"no",-0.8,82,3.8,"south","no",2,2,12.9,108
99,-2,4.51,143,1.74,"no",-1.4,45,4.3,"north","yes",0,5,3.1,242
104,68,4.96,300,1.41,"no",1.4,34,5.8,"south","no",0,4,4.9,168
120,76,4.93,629,2.23,"no",0,62,3.3,"north","no",19,2,12.9,85
105,56,5.04,287,1.52,"no",0.8,38,5.2,"south","no",0,3,5,144
110,36,5.16,359,1.8,"no",-1,54,4.2,"south","no",0,5,8.8,125
109,56,5.23,530,2,"no",0.1,64,3.9,"north","no",3,4,12,123
107,73,5.09,661,2.09,"no",-1,113,2.7,"north","no",73,3,50.1,130
106,46,4.82,472,2.03,"no",-1.7,97,4,"south","no",0,4,11.6,160
108,40,4.73,273,1.76,"no",-0.6,53,4.7,"north","no",0,4,5.3,199
109,77,5.27,669,2.03,"yes",-0.7,56,3,"north","no",7,3,11.1,119
109,51,4.93,510,2.23,"no",-2.1,70,4.3,"south","no",2,2,12.2,124
113,45,4.88,333,1.84,"no",-1.7,39,3.7,"north","no",0,4,6.5,154
106,56,4.88,458,2.24,"no",-0.5,58,5,"north","no",1,2,11.7,150
119,67,5.03,453,1.87,"no",-1.1,76,4.1,"south","no",1,3,9.9,139
112,67,4.9,510,1.84,"no",-0.7,41,4.3,"north","no",0,4,7.4,133
109,63,5.2,704,1.91,"no",-1,51,2.9,"north","no",5,4,13.6,106
97,57,4.88,366,1.64,"no",0.1,16,4.8,"south","yes",0,5,8.3,159
109,58,5,583,2.13,"no",-3.6,51,3.7,"south","no",1,2,9,99
104,43,4.74,468,2.25,"no",-1.5,66,4.9,"south","no",3,2,14.8,142
112,60,4.92,711,2.1,"no",-1.8,71,3.3,"south","no",5,2,17.7,117
102,34,4.89,468,1.95,"no",-3.6,58,3.8,"north","no",0,4,11.7,153
112,53,5.09,708,2.22,"no",-1,78,4.1,"south","no",3,3,10.5,93
124,53,5.13,453,2.1,"no",-0.5,68,3.9,"south","no",10,3,13.8,125
108,33,4.88,498,2.42,"no",-2.1,70,4.8,"north","no",1,3,11.3,125
120,59,5.12,533,2.02,"no",-0.3,75,3.8,"north","no",2,5,10.6,127
120,48,4.83,368,1.97,"no",-0.9,64,3.5,"south","yes",1,5,11.4,131
111,45,5.21,443,2,"no",-1.1,42,3.8,"south","no",1,2,12.2,108
119,30,5.11,507,2.25,"no",-2,54,4.5,"north","no",1,3,10.5,118
97,71,5.12,693,1.91,"no",-1.2,39,4.1,"south","no",2,2,13.5,117
108,45,5.22,531,2.26,"no",0.1,62,5,"north","no",2,3,12.4,116
119,50,4.92,531,1.92,"no",-1.6,58,3.1,"north","no",1,5,9.8,145
110,44,5.15,610,2.26,"no",-0.9,66,4.8,"south","no",9,2,20.2,116
118,44,5.28,778,2.22,"yes",-1.7,53,2.8,"north","yes",24,3,11,101
121,54,4.96,419,1.78,"no",-0.9,64,3.5,"north","no",1,5,7.4,139
129,40,4.8,676,1.96,"no",-2.7,94,3.3,"north","no",2,5,8.9,156
96,78,5.21,572,2.13,"no",0.5,53,3.9,"north","no",5,2,34.6,96
95,58,5.16,610,2.33,"no",-1.2,60,4.2,"north","no",7,3,12.4,107
98,32,4.96,642,2.31,"no",-2.8,37,5.3,"south","no",0,1,12.7,117
118,31,4.85,1484,1.83,"no",-0.6,68,7.4,"south","yes",0,5,7,183
109,23,4.89,413,2.3,"no",-1.3,55,5,"north","no",0,2,20.1,134
114,33,4.93,300,2.08,"no",-0.6,22,5.1,"south","no",1,2,11.4,148
102,46,4.92,328,1.98,"no",0.3,67,3.7,"north","yes",1,5,12.6,131
106,35,5.04,260,1.76,"no",0.4,85,4.9,"south","yes",2,5,9.5,176
106,21,4.96,499,2.41,"no",-2.7,36,5.2,"north","no",12,3,15.7,127
112,46,5.04,341,1.59,"no",-0.8,35,4,"north","no",0,4,8,140
117,40,4.79,283,1.76,"no",-0.9,46,3.2,"north","no",0,5,7.1,136
101,73,5.23,499,2.05,"no",1.4,43,4.4,"south","no",10,3,14,129
108,27,4.98,634,2.12,"no",-2.7,103,3.2,"north","no",1,3,21.5,124
103,58,4.81,311,1.69,"no",0.3,44,4.1,"north","no",0,4,8.4,156
119,58,5.06,429,1.98,"no",0.1,56,2.7,"north","no",2,3,18.1,116
116,61,5.1,670,2.15,"no",0.2,64,3.7,"north","no",2,4,9.3,113
110,60,5.06,774,2.36,"no",-0.4,70,4.6,"south","no",49,0,17.7,85
106,68,4.95,568,1.97,"no",-0.6,85,3.4,"south","no",1,4,11,122
98,33,4.82,317,1.8,"no",-1.5,53,4.2,"north","no",0,5,5.2,177
101,49,5.06,415,1.97,"no",0.1,42,4.1,"north","no",0,5,8.1,118
106,58,4.93,690,2.38,"no",0.1,115,4.5,"south","no",27,2,35.7,105
124,62,5.03,548,2.04,"no",-0.6,78,3.9,"south","no",2,2,13.3,133
115,56,4.87,489,2.33,"no",-0.9,87,4,"south","no",2,2,11.2,95
114,22,4.65,205,1.81,"no",-0.3,58,4.6,"south","yes",0,5,7.5,253
117,74,5.31,526,1.88,"no",1.5,82,3.5,"south","no",5,2,15.3,107
125,53,4.94,465,1.85,"no",-2.3,60,3.5,"south","no",1,3,10.4,122
107,12,4.73,230,1.85,"no",-1.1,73,4.1,"south","no",0,5,7,195
111,61,5.05,607,2.27,"no",-0.6,70,3.5,"north","yes",10,4,14.7,92
116,65,5.13,546,1.9,"no",-1.5,76,2.6,"north","no",1,5,11,96
104,71,5.08,591,1.95,"no",-0.2,63,3.2,"north","no",13,4,12.7,123
113,43,4.93,346,1.94,"no",0.2,61,4.5,"south","no",0,2,9.3,151
117,34,4.97,311,1.9,"no",-1,54,4.5,"south","yes",0,5,8.2,171
104,69,5.13,657,1.91,"no",0.5,69,4.3,"south","no",3,3,12,113
116,30,4.72,394,2.08,"no",-2.3,59,4.8,"south","no",0,3,10.7,202
94,64,5.15,416,1.96,"no",0.2,74,4.7,"south","no",1,3,12.1,111
102,39,4.87,452,2.01,"no",-1.9,66,3.4,"south","no",2,5,9.7,132
98,60,4.73,513,2.13,"no",-1.9,84,3.3,"north","no",0,4,9.7,119
121,71,5.12,416,1.73,"no",0.5,59,3.3,"north","no",0,5,8.4,136
110,49,5.15,402,1.7,"no",0.1,12,5.1,"north","yes",0,5,6.6,123
121,50,5.18,525,1.83,"no",-1.2,77,3.1,"north","no",1,5,7,120
91,47,5.15,629,1.94,"no",-1.8,70,4.5,"south","no",5,2,34.5,153
119,30,5.06,630,2.32,"no",-3.5,48,4.4,"south","no",12,3,10.1,114
107,58,4.88,660,2.04,"no",-3,59,3.5,"north","no",1,2,12.3,132
102,34,5.14,603,2.14,"no",-1.2,74,4.2,"north","no",2,5,11.5,104
109,51,4.71,412,1.93,"no",-2.1,67,3.4,"north","yes",1,5,9.4,157
103,33,5.03,473,1.99,"no",-2.4,65,4.5,"south","no",1,4,10.9,155
108,38,4.99,547,2.15,"no",-1.8,61,4.4,"south","no",2,4,13.7,134
117,64,5.18,483,1.99,"no",0.2,39,4.1,"south","no",3,4,8.2,114
118,49,4.94,658,2.19,"no",-2.3,69,3.3,"north","no",1,5,9.1,91
113,49,5.05,681,1.97,"no",-2.1,43,4.8,"south","no",2,2,13,120
102,54,5.09,467,1.82,"no",-1.1,47,4.1,"south","no",1,5,10.3,145
100,47,5.19,595,2.14,"no",-0.6,56,4.9,"north","no",0,3,9.7,102
126,54,5.04,686,1.99,"no",-0.9,84,3.6,"north","no",1,3,12.5,134
112,45,5.1,423,1.74,"no",-1.1,72,3.9,"north","no",0,4,8.1,145
112,49,4.89,401,1.66,"no",-2.2,47,3.6,"south","no",0,5,6.5,127
100,40,5,388,1.86,"no",-0.9,36,4.4,"south","no",0,4,9.4,144
118,44,4.77,295,2.16,"no",-0.1,65,3.9,"north","no",0,3,12.5,139
128,29,4.66,209,1.96,"no",-1.5,40,3.3,"south","yes",0,5,7.4,121
109,60,5,387,1.8,"no",-0.1,43,3.9,"north","no",1,5,7.5,143
121,34,5,521,2.1,"no",-2.9,65,3.4,"north","no",0,3,10.9,107
101,41,5.05,501,2.01,"no",-1.8,57,4,"north","no",1,5,11.3,123
113,71,5.34,466,1.82,"no",1.2,80,4.2,"south","no",10,2,13.9,127
112,47,4.94,849,2.34,"yes",-0.4,48,4.1,"north","no",6,2,11.3,61
98,57,4.93,552,1.91,"no",-1.9,77,4.1,"south","no",0,2,12.9,152
115,63,5.05,404,1.65,"no",-1,75,3.3,"south","no",9,5,9.4,141
112,39,4.75,529,2.34,"no",-2.4,52,4.8,"north","no",0,2,11.7,117
98,38,4.92,417,2.08,"no",-1.2,49,4.3,"south","yes",0,3,18.6,135
116,43,5.14,776,1.93,"no",-1.8,59,4.4,"south","no",1,3,13,135
107,63,5.42,449,1.99,"no",0.7,69,4.2,"south","no",1,3,11.4,102
115,44,4.92,653,2.51,"no",-1.4,106,4.6,"north","no",1,2,13.8,83
128,57,5.05,543,1.77,"no",-0.8,90,3.5,"south","no",2,5,9.4,133
104,53,4.96,809,2.4,"no",-1.6,76,5,"south","no",17,2,13.4,75
104,19,4.96,386,1.82,"no",-1.4,32,4,"north","no",0,5,6.6,165
96,47,5.25,618,2.23,"no",-1.3,70,3.7,"south","no",3,3,10.9,114
116,34,4.99,437,2.01,"no",-1.8,53,4,"south","no",1,4,8.8,141
108,41,4.69,682,2.55,"no",-2.6,62,4.7,"north","no",4,1,13,67
118,49,5.06,669,2.11,"no",-1.9,59,3.9,"south","no",0,2,11.8,119
116,55,5.1,669,2.07,"no",-2.5,79,2.8,"north","no",22,4,12.4,119
97,67,4.94,509,2.06,"no",-1,51,4.1,"south","no",1,3,14.2,113
109,50,4.92,298,1.67,"no",-1.1,30,4.5,"south","yes",0,5,6.7,155
115,58,5.06,561,2.08,"no",-0.9,61,3.3,"north","no",4,3,12.9,109
108,37,5.08,317,1.67,"no",-0.9,38,4.5,"north","no",0,5,4.5,135
108,42,5.02,443,2.03,"no",-0.7,64,3.9,"south","no",2,3,19.1,123
106,51,5.17,562,2.06,"no",-1,56,3.6,"north","no",0,2,9.4,128
112,44,5.1,591,1.82,"no",-2.1,51,3.8,"south","no",0,5,7.2,111
118,55,5.16,411,2.13,"no",0.9,65,3.6,"north","no",0,3,11.1,99
108,65,5.05,617,2.15,"no",-0.4,72,3.5,"north","no",3,2,10.2,86
107,62,5.13,392,1.87,"no",-0.2,49,4.1,"south","no",1,4,8.1,101
116,61,5.04,525,2.13,"no",-1.1,93,3.2,"south","no",9,4,16.7,124
108,46,5.03,367,2,"no",0.2,64,3.2,"north","no",0,4,10.1,116
106,71,5.09,384,1.72,"no",-0.2,29,3.1,"north","yes",1,5,13.2,120
107,11,4.74,83,1.41,"no",-0.8,34,4.8,"north","yes",0,5,2,191
106,41,5.19,448,1.66,"no",-1.2,32,4.6,"north","yes",0,5,8.3,151
107,45,5.12,526,2.04,"no",-1.2,62,4.3,"south","no",1,3,10.7,125
115,67,5.2,546,1.77,"no",-1,94,4,"south","no",1,5,8.8,116
90,56,5.11,655,2.16,"no",-2,22,3.7,"north","no",1,3,7.8,91
111,73,5.23,725,2.31,"yes",0.3,77,4.4,"south","no",12,0,17,100
113,49,4.9,452,2.09,"no",-1.2,66,4.3,"north","no",0,3,9.9,151
109,50,4.77,596,2.16,"no",-1.5,54,3.8,"south","yes",6,3,16.7,128
107,81,5.02,454,1.87,"no",0.4,92,3.3,"south","no",3,5,9.9,127
105,54,5.05,496,1.97,"no",-1.3,60,3.9,"north","no",1,2,14,131
116,66,5.28,611,2,"no",-0.1,61,3.2,"north","no",2,3,10.9,114
117,66,4.77,562,2.03,"no",-1.7,73,2.6,"north","no",1,3,11.2,91
104,26,4.89,460,1.95,"no",-2.4,32,3.9,"north","no",0,5,7.2,146
115,44,5.05,399,1.81,"no",-0.8,67,4.4,"south","no",1,5,10.6,153
110,51,5.21,582,1.96,"no",-1.6,68,3.9,"north","no",0,4,9,123
120,13,4.64,171,1.72,"no",-0.9,60,4.3,"south","yes",0,5,4.6,224
105,37,4.92,323,2.28,"no",0.1,63,4.9,"south","no",0,2,15.5,116
121,16,4.74,242,1.75,"no",0.1,42,4.2,"north","no",0,5,2.8,180
105,30,4.98,460,2.03,"no",-2.3,41,3.9,"north","no",0,5,8.5,135
129,43,4.7,349,1.96,"no",-2.1,83,3.1,"north","no",0,5,6.5,160
119,51,4.99,485,2.06,"no",0.3,52,4,"north","no",2,2,12.5,135
98,72,4.94,480,2.06,"no",-0.4,46,3.4,"north","no",1,4,12.5,92
112,27,4.49,246,2.03,"no",-2,85,4.2,"south","no",0,5,9.2,210
110,42,4.79,483,2.12,"no",-3.4,76,3.3,"north","no",0,4,9.1,120
110,55,5.11,713,1.94,"no",-1.6,44,3.5,"north","no",2,5,8.9,101
98,24,5.17,440,2.01,"no",-1.5,23,4.8,"south","no",0,5,8,125
110,47,5.11,665,2.27,"no",-1.5,65,3.4,"north","no",4,2,18.4,99
118,43,4.99,483,1.95,"no",-0.6,78,4,"north","no",0,4,9.7,126
98,29,5.15,860,2.59,"yes",-0.5,61,5.7,"north","no",24,0,15.3,95
111,63,5.1,599,1.89,"no",-2.1,44,3.7,"south","no",14,4,16.5,123
122,54,4.87,310,1.75,"no",-1,58,4,"south","no",1,5,7.7,171
122,31,5.02,761,1.98,"no",-2,74,3.1,"north","no",3,5,10.6,124
101,64,5.02,641,2.2,"no",-0.9,54,3.6,"north","no",6,2,15.6,108
112,37,4.96,494,2.11,"no",-1.3,43,4.6,"south","no",1,3,10.6,128
100,57,5.12,521,2.05,"no",-0.1,54,4.3,"south","no",1,2,16.2,120
114,64,5.17,473,1.71,"no",-0.5,64,3.9,"south","no",4,3,13.1,145
128,35,4.95,759,2.2,"no",-1.8,36,4.9,"north","no",1,2,9.8,122
114,60,5.16,536,1.71,"no",-2.1,63,3.8,"south","no",2,4,8.3,121
100,57,5.19,407,1.95,"no",-0.7,53,3.4,"south","no",6,2,18.4,136
108,39,5.03,636,2,"no",-2.6,66,3.8,"north","no",5,4,16.7,153
119,42,5.14,363,1.91,"no",0.2,74,4.2,"south","no",0,4,9.1,132
91,34,4.8,419,1.95,"no",-2.2,52,4.5,"north","yes",0,5,10.8,173
110,63,5.01,428,1.76,"no",-1,37,3.6,"north","no",0,5,8.2,114
92,86,5.3,755,1.88,"no",1.2,68,4.1,"south","no",7,2,12.9,104
122,53,5.08,571,1.74,"no",-1.7,60,3.6,"north","no",2,5,8,136
103,27,4.78,343,1.88,"no",-2.1,46,3.6,"north","no",0,5,8.5,152
119,41,4.93,444,1.93,"no",-1.2,60,3.2,"north","yes",1,5,8.9,150
114,39,4.84,422,1.95,"no",-1,57,4,"south","yes",1,5,9.2,170
121,52,4.81,356,1.59,"no",-0.8,36,5.2,"south","no",0,5,3.7,215
110,54,5.04,581,2.15,"no",-1.7,79,3.6,"south","no",4,3,10,110
116,58,4.97,464,1.8,"no",-2.1,82,3.2,"south","no",0,5,10.2,147
95,47,4.79,353,2.06,"no",0.1,57,5.2,"south","no",1,1,41.3,195
108,31,4.75,509,2.25,"no",-2.6,99,3.8,"south","no",1,2,16.3,135
102,40,4.51,426,2.35,"no",-2.3,43,4.5,"north","no",0,2,13.4,129
120,54,5.05,533,2.01,"no",-1.9,42,3.5,"south","no",3,4,10,132
95,52,5.11,676,2.34,"no",-1.1,62,5.2,"south","no",26,2,33.5,114
110,64,4.97,429,1.81,"no",-0.5,33,4.6,"south","no",5,4,11.9,161
106,53,5.09,604,2.15,"no",-1.2,78,3.8,"north","no",5,3,21.1,126
118,44,4.97,481,2.5,"no",-0.2,101,4.7,"north","no",20,2,21.7,99
98,48,5.23,535,1.88,"no",-1,57,3.6,"north","no",2,5,10.7,127
97,41,4.93,339,1.67,"no",-1.7,70,4.6,"south","no",0,5,6.6,158
105,58,5.21,715,2.22,"no",0,62,3.9,"north","no",7,2,13.9,103
109,44,5.13,488,1.98,"no",-0.8,83,4.1,"north","no",1,5,8.9,107
110,33,4.88,487,2.29,"no",-2.9,80,4.6,"south","no",12,2,79.3,143
103,45,5.13,437,1.92,"no",-0.2,70,4.1,"south","no",1,5,13.6,120
109,32,4.92,447,2.03,"no",-2.4,53,5.1,"south","no",1,3,13.2,189
111,43,4.94,309,1.68,"no",-0.3,33,3.9,"north","yes",0,5,8.4,177
124,40,4.86,305,1.85,"no",-0.4,58,3.5,"south","no",0,5,7.3,146
110,29,4.98,560,2.36,"no",-0.9,65,4.6,"south","no",1,3,9.8,101
85,45,4.73,411,2.05,"no",-0.7,55,4.5,"north","yes",1,4,26.8,173
97,64,5.22,681,1.96,"no",-0.2,41,3.7,"north","no",1,4,8.3,99
109,45,5.15,429,1.89,"no",-1.4,35,4,"south","no",0,5,7.1,101
108,52,4.94,485,2.13,"no",-0.6,37,4.1,"north","no",0,2,9.7,126
117,45,4.77,448,1.96,"no",-1.9,45,4,"north","no",0,5,6.4,157
114,65,5.22,527,1.88,"no",-0.9,46,3.6,"south","no",4,4,8.9,111
115,48,5.14,522,2.25,"no",0,95,4.4,"south","no",1,1,14.4,112
115,58,5.06,748,2.01,"no",-0.9,86,3.7,"north","no",5,2,15.5,119
110,60,4.94,625,2.12,"no",-1.3,67,4.1,"north","yes",2,3,17.2,135
109,45,5.04,681,2.29,"no",-1.5,84,4.2,"north","yes",5,3,29.1,99
103,57,5.03,610,1.96,"no",-1.5,49,3.3,"north","no",1,2,27.3,113
111,36,4.99,292,1.87,"no",0.5,69,4.2,"north","no",0,5,6.4,145
109,33,4.83,504,2.28,"no",-1.1,76,4.3,"north","no",1,4,15.1,147
117,39,4.99,460,2.38,"no",-0.3,82,4.6,"north","no",1,1,17.7,113
103,64,4.93,388,1.94,"no",-0.1,67,3.1,"south","no",3,4,14.7,104
104,39,5.05,628,2.4,"no",-1.1,41,5,"south","no",109,3,22.7,93
106,50,5.05,559,2.11,"no",-1.4,55,4.3,"south","no",0,2,12.9,121
123,53,4.89,464,2.08,"no",-1.7,48,3.4,"north","no",1,4,8.4,132
109,54,5.04,871,2.09,"no",-1.6,37,4.2,"south","no",10,1,14.1,84
120,36,4.87,413,2.22,"no",-0.9,82,4.2,"north","no",1,3,10.7,161
117,57,5.16,601,2.07,"no",-0.8,39,3.6,"north","yes",1,4,11.2,100
116,59,4.94,508,2.06,"no",-1.3,63,3.3,"north","no",5,5,11.2,121
113,33,4.75,273,1.88,"no",-0.3,48,4,"north","yes",0,5,7,175
110,26,5.09,650,2.3,"no",-1.8,49,4.8,"south","no",4,3,11.7,123
110,59,4.84,486,2.25,"no",-2,69,3.7,"north","no",0,4,8.7,90
116,58,5.11,715,2.21,"yes",-0.5,81,3.3,"south","no",10,3,11,91
103,59,5.2,479,2.21,"no",0.2,65,4.3,"south","no",3,2,22.9,132
104,55,5.14,628,2.18,"no",-0.4,38,3.8,"north","yes",23,2,33.2,136
115,66,4.88,510,2.23,"no",0.3,77,4.2,"south","no",8,2,34.9,125
114,65,4.81,350,1.79,"no",-0.4,60,3.9,"south","no",1,2,10.2,170
120,38,4.86,329,1.81,"no",-1.2,55,4,"south","no",0,3,6.9,154
118,53,5.21,541,1.93,"no",-2.7,62,3.3,"south","no",4,3,13.3,97
115,67,4.89,634,2.18,"no",-0.5,94,3.8,"north","no",1,3,11.7,114
118,74,4.95,515,2.09,"no",-0.4,66,3.1,"north","no",5,4,10.8,90
107,54,5.19,692,2.39,"yes",-1.9,33,4.1,"north","no",6,2,6.6,83
114,47,5.07,478,1.93,"no",-1.2,67,4.6,"south","no",0,3,9.2,139
107,34,4.96,248,1.79,"no",0.9,55,4.9,"south","no",0,3,8.7,166
108,58,4.9,421,2.05,"no",-1,72,3.3,"north","no",1,5,7.8,115
100,57,5.03,328,1.53,"no",0.1,36,4.2,"north","no",0,5,6.5,135
124,37,4.93,348,1.79,"no",-1.9,52,3.9,"south","no",0,4,7.9,137
97,46,4.88,437,1.91,"no",-2.5,47,4.3,"south","no",0,4,8.1,161
110,26,4.9,546,2.25,"no",-2.4,40,4.3,"north","no",0,3,12.5,145
98,27,4.88,327,1.84,"no",-0.7,45,4.9,"north","yes",0,5,7.5,188
111,54,5.13,558,1.82,"no",-0.9,48,4,"north","no",1,5,9.5,131
113,62,4.99,584,2.21,"no",-1.9,70,3.4,"south","no",15,2,13.4,110
117,47,5.09,335,2.08,"no",0,59,4,"south","no",2,3,9.7,129
105,74,4.92,362,1.79,"no",0.4,59,4,"south","yes",0,5,10.2,116
104,64,4.99,421,1.9,"no",-0.8,58,3.6,"south","no",3,3,11,152
118,49,5.23,630,1.9,"no",-1.5,43,3.6,"north","no",0,4,10,113
112,65,5.06,788,2.32,"yes",-0.7,90,3.8,"south","no",88,2,22.5,84
104,43,4.72,608,2.38,"no",-2.2,60,5.2,"south","no",0,2,11.1,118
103,61,4.81,327,1.63,"no",-0.1,45,4.7,"north","yes",0,5,5.8,193
110,87,5.18,615,1.73,"no",0.3,45,3.5,"north","no",0,2,10.7,103
112,44,4.89,324,1.66,"no",-0.3,57,4.1,"north","yes",0,5,6.6,183
113,56,4.72,439,1.86,"no",-1.7,55,3.8,"south","yes",2,5,8,168
99,48,5.42,688,2.11,"no",-0.4,76,4,"north","no",7,2,23.4,120
109,56,4.71,614,2.19,"no",-1.8,40,4.1,"south","no",1,2,8.2,117
109,59,5.29,611,2.2,"yes",-2.4,90,3.4,"south","no",5,2,10.7,104
124,49,5.07,359,1.47,"no",-0.9,69,4,"north","no",0,5,4.8,119
113,24,4.99,558,2.13,"no",-1.6,57,3.6,"north","no",2,4,11,116
100,41,4.85,406,1.94,"no",-2,29,4.3,"north","no",0,5,8.2,155
123,36,4.64,217,1.45,"no",-1.6,65,4.7,"north","no",0,5,5,233
112,62,5.09,546,2.07,"yes",-1.4,63,1.8,"north","no",13,4,10.6,89
104,39,4.97,438,1.96,"no",-0.7,54,3.6,"north","no",0,5,7.5,124
109,24,4.72,226,1.69,"no",-0.6,80,4.1,"north","yes",0,5,4.6,203
109,20,4.94,314,2.23,"no",-0.8,43,5,"south","no",0,3,10.8,127
116,52,4.95,392,1.81,"no",-0.8,56,3.5,"south","no",0,3,8.8,113
105,43,5.03,601,2.17,"no",-1.8,53,4.7,"south","no",2,2,14.4,138
96,84,5.04,524,2.1,"no",0.7,85,3.2,"south","no",4,2,27.1,92
111,33,4.89,528,2.22,"no",-1.9,59,4.5,"south","no",2,3,17,139
115,17,4.94,489,2.12,"no",-3.6,54,4.1,"north","no",0,5,9.5,153
122,61,5.24,706,2.15,"no",-0.8,71,3.4,"north","no",13,2,11.5,110
114,66,5.03,393,1.91,"no",-0.2,46,3.6,"south","no",1,3,9.4,112
112,44,4.77,572,2.23,"no",-2,78,3.9,"north","no",1,3,15.3,143
117,60,4.89,751,2.07,"no",-1.3,77,3,"north","no",1,3,12.5,87
115,70,4.94,420,1.95,"no",0,49,3.4,"north","no",0,5,7.8,117
98,66,5.18,651,2,"no",-0.8,62,3.3,"north","no",1,3,20.8,109
112,66,5.32,555,2.07,"no",1.2,27,4,"north","no",30,2,16.9,117
113,52,5.01,526,2.3,"no",0,64,3.9,"north","no",2,2,9.4,112
114,17,4.65,156,1.92,"no",0.5,36,4.1,"north","no",0,4,6.3,172
106,47,5.2,376,1.93,"no",0.9,52,4.3,"south","no",6,2,22,134
109,52,4.84,571,1.9,"no",-1.8,62,3.9,"north","no",0,3,8.8,149
103,66,4.93,488,1.97,"no",-0.2,63,3.7,"north","no",0,3,12,124
115,48,5.13,557,2.1,"no",-1.5,60,4.4,"north","no",1,2,15.2,132
106,64,5.24,658,1.85,"no",-1.2,31,3.5,"north","no",2,4,11.5,103
112,36,4.93,259,1.72,"no",-0.9,84,3.5,"south","yes",0,5,9.1,143
97,64,4.95,459,1.88,"no",-0.3,61,3.7,"north","no",0,4,10.6,144
109,42,4.72,322,2.1,"no",-0.4,40,4.2,"north","yes",1,5,9,162
119,56,5.4,570,1.91,"no",-0.1,72,4,"south","no",15,3,14.5,132
112,37,4.95,274,1.79,"no",-0.9,58,4.3,"south","yes",0,5,8,143
116,67,4.74,506,2.18,"no",-1,81,4.5,"south","yes",6,3,21,137
119,46,4.92,669,2.27,"no",-1.6,88,3.9,"north","no",5,3,12.6,119
106,33,4.8,309,2.03,"no",-0.5,62,4.3,"south","yes",0,4,11.2,165
98,52,4.84,503,1.9,"no",-2.2,40,4.7,"south","no",1,3,11.2,160
109,50,4.93,301,1.74,"no",1.3,90,3.9,"south","yes",6,5,11.4,172
119,65,5.12,315,1.54,"no",1.3,37,4.5,"north","yes",1,5,5.3,135
115,45,4.61,446,2.27,"no",-2.5,76,4.2,"south","no",0,2,11.2,131
113,71,5.24,469,1.75,"no",0.1,64,4.1,"south","no",1,3,10.1,110
111,71,5.23,516,2.12,"no",1.5,90,4.2,"north","no",4,2,23.3,126
123,30,4.78,359,1.94,"no",-3,69,3.2,"south","no",0,5,5.3,139
112,65,5.29,554,1.92,"no",0,75,3.1,"north","no",0,4,10.2,114
128,22,4.77,230,1.75,"no",-1.4,28,4,"south","yes",0,5,5,166
105,32,4.67,193,1.85,"no",-1.5,54,4.1,"south","no",0,5,9.9,182
109,57,5.25,392,1.77,"no",0.7,71,3.7,"south","no",1,4,10,123
108,38,4.82,497,2.15,"no",-2.4,45,4.7,"south","no",0,0,10.6,130
111,72,4.9,373,1.9,"no",0.4,36,3.3,"north","no",1,4,10.5,130
101,60,5.11,625,2.39,"no",0.4,46,4.6,"north","no",8,1,14.6,93
106,48,5.08,584,1.93,"no",-2.4,48,3.8,"south","no",1,3,10.8,135
114,73,5.23,657,2.05,"no",0.3,80,3.4,"north","no",5,2,14.7,108
100,57,5.07,622,1.97,"no",-1.9,49,4.4,"south","no",3,2,17,134
110,29,4.87,368,2.07,"no",-0.4,75,5.1,"south","no",0,3,14.6,186
110,25,4.96,581,2.08,"no",-2.4,49,4.7,"north","no",0,2,9.5,146
124,52,4.91,370,1.78,"no",-0.6,79,3.4,"north","no",0,5,5.8,136
111,43,4.64,549,2.19,"no",-3.5,58,5.2,"south","no",0,2,22.8,222
100,49,5.1,646,2.21,"no",-1.7,85,3.8,"north","no",2,2,19,92
121,67,5.04,649,2.11,"no",-1.6,45,3.8,"south","no",2,2,10.6,82
105,47,5.14,689,2.32,"no",-1,56,4.2,"north","no",27,2,11.7,105
100,37,4.94,511,2.21,"no",-1.6,47,4.6,"north","no",2,4,14.2,142
106,54,4.91,657,2.24,"no",-2.1,92,4.4,"north","no",1,2,18.1,110
99,53,5.33,444,1.77,"no",0,43,4.9,"south","no",1,4,9.9,119
119,53,5.02,521,1.95,"no",-0.6,59,3.7,"south","no",1,3,12.7,139
114,60,4.98,628,2.12,"no",-0.5,58,4.1,"south","no",3,2,9.4,130
126,47,5.02,673,2.34,"no",-1.8,90,3.8,"south","no",13,3,9.2,77
112,65,5.16,659,2.14,"no",-1.5,60,3.5,"south","no",4,3,9.2,92
97,54,4.99,335,1.83,"no",-1,36,4.1,"south","yes",1,5,8.5,125
108,43,5.28,555,2.02,"no",-1.4,65,4.5,"south","no",1,4,15.5,112
104,70,5.16,818,2.33,"yes",0.4,64,4.6,"south","no",72,1,21.8,96
109,19,4.72,189,1.71,"no",-0.5,59,4,"north","yes",0,5,6.2,188
98,41,5,393,2.08,"no",-1.7,54,2.9,"north","yes",0,5,10.6,100
111,26,4.74,331,1.77,"no",-2.4,28,5.4,"south","no",0,5,2.5,226
113,25,4.69,542,2.28,"no",-2.3,76,5.3,"north","no",0,4,16.4,204
109,53,5.18,499,1.91,"no",-0.9,62,3.8,"south","no",1,3,12,114
110,57,5.29,648,2.03,"no",-0.9,77,3.3,"north","no",1,3,12.5,104
108,65,5.13,515,1.94,"no",-0.2,49,4,"north","no",1,4,8.8,128
109,69,4.9,670,2.2,"no",-0.3,53,3.7,"north","no",6,2,11,86
106,39,4.74,542,2.18,"no",-2,37,4.6,"north","no",1,2,13.6,170
107,33,4.77,464,2.19,"no",-1.4,83,3.9,"south","no",1,5,10.8,146
103,28,4.68,207,1.41,"no",-0.7,46,5.8,"north","yes",0,5,5,260
96,41,4.87,580,2.05,"no",-1.9,84,3.8,"south","no",3,3,17.5,138
103,58,5.12,785,2.46,"yes",-1.7,83,3.8,"north","no",29,1,10.1,65
114,37,5.1,344,1.8,"no",-0.2,76,3.9,"south","no",0,5,8.3,132
96,43,5.04,497,1.96,"no",-0.9,69,3.9,"north","no",2,4,24.7,152
104,55,5.05,385,1.64,"no",-1.9,40,4.6,"south","no",0,4,8.1,142
113,18,4.6,165,1.85,"no",0.1,77,4.3,"north","no",0,5,5.9,221
108,45,5.03,606,1.91,"no",-3,27,3.5,"south","no",1,4,9,113
110,64,5.11,397,1.82,"no",0.9,51,3.7,"north","no",1,4,10.5,108
114,41,4.87,427,2.03,"no",-2,65,3.9,"south","no",1,3,13.1,135
114,13,4.77,256,2.18,"no",-1.7,62,4.9,"south","no",0,4,10.5,174
102,35,5.11,305,1.74,"no",0.5,60,3.9,"north","no",0,5,7,122
105,65,4.95,508,2.05,"no",-0.5,50,3.7,"south","yes",1,4,11.8,107
106,51,5.12,431,2.1,"no",0.4,55,4.5,"south","no",2,3,12.6,112
99,74,5.17,628,1.94,"no",-2,42,3.3,"north","no",2,3,9.4,96
110,65,4.92,426,1.94,"no",-0.5,28,4.6,"south","no",0,3,7.9,135
117,9,4.64,109,1.61,"no",0.5,50,4.7,"north","yes",0,5,3.9,247
104,46,4.86,319,1.78,"no",-1,47,4.1,"north","no",0,5,5.8,131
121,22,4.82,575,2.27,"no",-3.4,70,4.3,"south","no",3,4,13.6,148
118,93,5.04,617,2,"no",-0.4,82,3,"north","no",9,2,12.6,101
109,54,5.07,423,1.9,"no",-0.6,67,3.9,"south","no",0,3,14.9,125
112,15,4.68,263,2.11,"no",-2.5,37,4.1,"north","yes",0,5,9.6,179
110,51,4.83,463,2.03,"no",-0.7,45,4.7,"north","no",0,3,8.6,140
93,70,5.04,530,1.91,"no",-0.9,68,4.1,"north","no",0,3,10,126
127,59,4.82,665,2.28,"no",-2.4,70,3.4,"north","no",14,2,10.1,87
109,43,5.33,636,2.14,"no",-0.8,52,4,"south","no",5,3,13,118
127,61,5,602,2.13,"no",-1.1,64,3.7,"south","no",3,2,17.6,130
117,42,5.15,597,2.44,"no",-1.9,49,4.7,"north","no",3,1,11.3,98
113,44,4.87,529,1.99,"no",-1.5,59,3.5,"north","no",0,4,8.2,122
109,48,4.95,564,1.99,"no",-1.4,81,3.9,"north","no",0,3,13.1,158
110,23,4.92,229,1.75,"no",-1,54,4.4,"north","yes",0,5,6.3,171
123,58,5.12,631,2.04,"no",0.1,92,3.4,"south","no",3,3,11.2,113
113,57,4.9,332,1.97,"no",1,-7,3.8,"north","yes",0,5,7.6,111
104,52,5.11,598,2.17,"no",-1.3,87,4.6,"south","no",2,2,22,134
104,55,5.11,449,1.83,"no",-0.9,49,4.1,"south","no",1,5,9.2,141
102,63,5.02,484,1.88,"no",-0.6,31,3.8,"south","no",0,5,8.1,115
112,58,5.24,626,2,"no",-0.8,59,3,"north","no",5,5,11.5,111
115,58,4.9,509,2.12,"no",-2.1,79,4.4,"south","no",10,2,14.6,146
115,38,4.83,185,1.63,"no",0.1,58,4.1,"north","yes",0,5,5.5,160
119,58,5.13,657,1.82,"no",-1.5,68,3.3,"south","no",5,4,9.9,122
106,48,5.11,301,1.51,"no",0.9,35,5.3,"south","yes",0,5,5.9,140
116,54,4.99,468,2.11,"no",0.3,60,4.2,"north","no",1,1,16,133
108,48,4.8,332,1.8,"no",-0.6,90,3.8,"north","no",0,4,8,178
110,50,5,411,1.9,"no",-0.4,36,4.3,"south","no",0,3,9.2,108
100,50,4.73,219,1.57,"no",-1.7,47,4.2,"south","no",0,5,7.8,163
120,46,5.19,607,2.24,"no",-1.9,38,4.1,"north","no",1,2,9.7,103
107,67,5.11,421,1.63,"no",1.2,55,4.3,"north","no",1,5,8.1,134
117,36,4.87,471,2.21,"no",-1.5,86,4.2,"north","no",1,2,19.7,162
111,58,5.24,449,1.95,"no",0.2,59,3.7,"south","no",2,3,14.7,124
105,78,4.89,463,1.95,"no",-0.6,88,3.2,"south","no",1,4,12.4,120
122,54,5.24,559,2.08,"no",-0.9,40,3.6,"south","yes",7,5,10.7,106
119,38,4.95,451,2.22,"no",-1.8,75,3.9,"south","no",0,4,9.1,106
106,82,5.25,666,1.8,"no",1.1,67,3.7,"south","no",34,3,15.4,108
115,43,5.01,522,2.07,"no",-1.7,49,3.4,"south","no",1,3,8.6,110
114,53,5.18,495,2.24,"no",-0.5,36,4,"north","no",0,2,8.7,88
104,75,5,427,1.81,"no",-0.3,50,3.3,"north","no",2,4,11.8,137
119,58,5.06,520,1.81,"no",-0.7,51,4,"south","no",1,2,9.3,126
126,61,5.11,525,1.84,"no",-0.5,57,4.6,"south","no",0,3,7.5,119
95,50,4.85,729,2.59,"no",-0.7,92,6.1,"south","no",17,0,123.2,103
104,56,5.29,492,1.82,"no",-0.6,73,4.7,"south","no",2,2,10.4,117
89,48,5,606,1.99,"no",-2.8,49,4.7,"south","no",0,3,12.6,150
119,49,5.21,594,2.09,"no",-1.1,52,4.4,"south","no",3,3,10.2,103
101,52,4.96,526,2.06,"no",-0.8,53,4.3,"south","no",0,2,9.5,112
124,47,4.79,331,1.94,"no",0,52,3.6,"south","no",0,4,8.9,138
113,46,5.1,573,2.15,"no",-1,57,4.2,"north","no",1,3,11.6,102
122,58,5.16,542,2.31,"no",0.2,89,4,"south","no",4,3,10.3,107
105,33,5.01,588,2.2,"no",-2,59,5,"south","no",2,2,14.5,145
109,29,5.04,308,1.73,"no",-1.2,54,4,"south","no",1,5,9.1,150
100,62,5.26,498,1.88,"no",0.2,47,3.9,"north","yes",2,5,11.9,124
102,33,5.23,753,2.46,"yes",-2.6,77,4.2,"north","no",6,2,11.8,86
109,54,4.92,600,2.39,"no",-1.4,52,4.2,"north","no",10,2,12.2,64
97,27,4.83,270,2.06,"no",-1.2,54,5.3,"south","no",0,3,9.8,149
102,57,5.03,549,2.14,"no",-1.8,60,3.6,"north","no",2,4,9.7,94
121,10,4.97,374,2.27,"no",-2.5,67,3.4,"south","no",2,5,9.8,122
108,57,4.94,520,1.92,"no",-1.8,78,3,"north","no",5,4,14.6,137
108,72,4.97,718,2.09,"no",0.2,58,3.4,"north","no",4,2,22.8,106
105,67,4.98,444,1.73,"no",-1.9,69,4.1,"north","no",0,4,9.1,141
115,74,4.97,440,1.82,"no",-0.1,75,3.3,"north","no",1,5,9.2,125
107,45,5.02,523,2.14,"no",-1.4,82,3.5,"south","no",8,2,28,122
121,70,5.2,631,1.97,"no",-0.9,78,3.4,"south","no",5,1,18.1,126
100,51,4.93,364,1.81,"no",-0.9,56,4,"south","no",0,3,9.6,149
123,44,4.98,369,1.73,"no",-0.2,57,4.5,"south","yes",1,4,9,192
118,32,4.98,505,1.96,"no",-2.7,95,3.2,"south","no",2,5,9.5,138
117,46,5.24,565,2.01,"no",-1.2,39,3.8,"north","no",3,4,9.5,109
108,50,4.88,631,2.16,"no",-2.4,82,3.8,"south","no",10,3,18.9,115
107,66,5.24,541,1.79,"no",-0.5,57,4.8,"south","no",2,4,9.2,125
120,64,4.76,464,2,"no",-1.7,64,3.2,"south","no",0,4,9.3,123
103,47,4.97,504,2.15,"no",-0.8,47,4.2,"north","no",0,3,9.8,104
114,64,5.23,512,1.88,"no",-0.6,64,3.6,"north","no",2,4,9.8,117
108,42,4.85,597,2.19,"no",-2.1,50,4.6,"south","no",1,2,18.9,164
111,33,4.92,630,2.12,"no",-2.6,73,4.1,"north","no",1,3,17.2,163
108,22,4.94,313,2.22,"no",-1.8,65,4.8,"south","no",0,3,11.9,135
114,44,5.21,404,1.72,"no",0.2,36,4.2,"north","no",0,5,6.9,113
104,52,5.09,422,1.82,"no",-0.2,34,4.5,"north","no",0,5,7.3,123
101,80,4.8,543,2.07,"no",-1.1,51,3.7,"north","no",4,4,10.3,100
119,39,4.95,464,1.93,"no",-2.3,76,3.9,"south","no",1,5,10,170
113,66,4.99,679,2.08,"yes",-1.7,78,2.4,"north","no",10,3,13.6,91
95,46,5.02,344,1.81,"no",-0.9,58,3.8,"north","yes",0,5,12.1,141
104,44,4.91,527,2.15,"no",-0.4,60,4.6,"south","no",1,2,15,142
117,61,5.4,522,1.83,"no",-0.6,49,3.7,"north","no",2,4,10,95
108,65,4.98,558,1.97,"no",-1,52,4.5,"south","no",1,3,8.2,147
104,62,5.14,593,1.93,"no",-2.2,83,3.2,"south","no",24,5,9.8,106
132,17,4.53,191,1.88,"no",-1.3,83,3.3,"north","yes",0,5,8,214
109,68,5.12,640,1.93,"no",0,74,3.4,"north","no",2,4,14.8,128
99,54,5.2,526,1.92,"no",-1.2,49,3.9,"north","no",7,4,14.9,137
116,65,5.24,539,1.95,"no",-0.6,58,3.4,"south","no",9,2,12.6,116
110,52,4.9,331,1.76,"no",-0.8,30,4.3,"south","no",1,5,7.8,151
105,52,5,592,1.99,"no",-0.4,41,4.6,"north","no",3,4,10.1,129
109,33,4.88,311,2.04,"no",0.3,58,4,"north","no",0,4,8.1,143
122,45,4.84,567,2.24,"no",-1.5,56,4.3,"south","yes",4,3,12,113
113,66,5.13,628,1.86,"no",-1.1,38,3.3,"north","no",1,3,9.8,119
113,45,4.75,456,2.34,"no",-1.8,70,4.6,"south","no",0,2,10.2,123
108,68,4.96,754,2.17,"yes",-0.7,68,3.3,"north","no",32,4,11.8,80
105,61,4.86,671,2.1,"no",-2.2,66,3.9,"south","no",0,3,9.8,97
98,43,4.7,291,1.99,"no",0,85,4.2,"north","no",0,5,9.4,177
106,45,5.12,468,1.94,"no",-1.5,48,4.6,"south","yes",4,4,12.8,147
106,43,4.96,531,1.94,"no",-2,32,4.4,"north","no",2,4,10.4,162
119,44,4.91,288,1.88,"no",0,47,4.3,"south","no",0,4,6.3,137
125,66,5.04,429,1.87,"no",-0.2,64,3.7,"south","no",1,2,8.4,136
122,43,5.01,385,1.91,"no",-0.3,67,3,"north","no",0,5,7,122
114,38,4.89,841,2.09,"no",-2.2,63,3.4,"south","no",4,3,13.6,100
108,59,5.12,389,1.84,"no",-0.6,54,4.2,"north","no",2,5,12.8,125
112,41,4.69,468,2.02,"no",-2.1,36,4.7,"north","no",0,4,7.4,189
100,64,5.1,538,1.8,"no",-0.9,39,3.7,"north","yes",1,5,11.1,126
102,40,4.94,316,1.86,"no",-1.1,63,4.3,"north","no",0,5,9.6,158
104,66,5.25,483,1.75,"no",-0.2,68,3.6,"south","no",4,3,14.3,137
109,45,5.17,461,2.07,"no",-0.8,38,4.6,"south","no",1,4,11,115
108,61,5.23,420,1.7,"no",0.4,48,4.2,"south","no",1,4,9.6,124
113,69,5.11,422,1.88,"no",0.5,54,3.3,"north","no",1,4,10,123
102,53,5.23,660,1.78,"no",-1.3,71,3.4,"south","no",7,5,12.3,124
113,61,5.08,609,2.09,"no",-1,60,4.5,"south","no",3,2,14.8,127
105,64,5.15,540,1.76,"no",-1.2,54,3.4,"north","no",1,5,9.6,132
120,78,4.99,534,1.95,"no",0.3,43,3.5,"south","no",11,4,10.8,101
102,50,5.06,549,2.19,"no",-1.5,69,3.4,"south","no",2,3,11.8,85
119,49,5.21,530,1.99,"no",-1.5,84,2.9,"north","no",1,5,9.3,103
111,44,4.65,399,2.14,"no",-2,65,3.8,"south","no",0,5,7.7,130
113,66,5.09,600,1.92,"no",-1.3,69,3.6,"south","no",1,3,10.7,108
99,53,5.28,551,1.89,"no",-0.2,65,4.3,"north","no",14,2,45.9,146
95,51,5.01,439,1.96,"no",-0.9,63,3.8,"north","yes",2,5,10.9,131
100,62,5.09,591,2.17,"no",-0.4,74,4.4,"south","no",4,2,17.7,127
121,13,4.72,277,2.04,"no",-3,53,4.1,"south","no",0,4,10,189
109,52,5.03,448,1.75,"no",-0.6,53,3.9,"north","no",0,5,7.9,130
105,54,4.8,829,2.54,"yes",-0.9,82,4.5,"north","yes",6,0,18.8,47
110,42,4.9,453,2.09,"no",-0.5,54,3.8,"north","yes",4,4,15.9,158
113,47,5.07,558,2.28,"no",-0.5,74,3.9,"south","no",10,2,13.3,116
111,22,4.55,243,1.88,"no",-1.7,57,4.8,"south","yes",0,5,6.3,232
108,55,5.16,582,2.31,"no",0.5,68,4,"south","no",4,1,14.3,104
113,54,4.91,840,2.21,"yes",-2.2,92,3,"north","no",13,3,12.6,59
127,43,4.85,387,2.05,"no",-1.3,82,3.3,"north","no",1,5,8.1,138
126,77,5.06,749,2.14,"yes",0.5,52,3.3,"north","no",42,2,10.5,84
116,43,4.84,518,2.19,"no",-2.2,54,4.2,"south","yes",1,2,16.2,127
101,66,4.93,296,1.41,"no",0.1,5,5.3,"south","yes",0,5,4.5,165
109,60,5.14,343,1.57,"no",1.1,4,4.4,"south","no",1,4,7.8,113
119,55,5.03,562,1.97,"no",-1,69,3.3,"north","no",1,3,9.4,125
107,61,5.02,540,1.71,"no",-1.5,34,4.4,"north","no",0,5,6.6,139
127,40,4.75,357,2.03,"no",-0.6,57,4.3,"north","no",0,4,7.8,183
114,69,4.93,663,2.28,"no",-2.5,81,3.9,"south","no",20,2,26.2,112
104,54,5.05,384,2.04,"no",-0.1,75,4.1,"south","no",5,4,18.5,127
117,66,5.21,590,2.22,"no",0.3,97,3.4,"north","no",17,2,24.2,121
112,62,5.05,321,1.69,"no",-0.3,40,4,"south","no",1,5,7.8,124
103,60,4.84,637,2.22,"no",-1.9,47,4,"north","no",1,2,11,106
117,50,4.99,275,1.65,"no",0.4,56,3.9,"south","no",1,5,6.7,141
118,54,4.8,526,1.97,"no",-2.4,65,3.7,"north","no",0,4,7.8,136
128,26,4.89,481,2.37,"no",-3.9,74,4.8,"south","no",2,2,18,143
100,58,5.3,503,2.05,"no",-0.6,65,4.1,"south","no",1,3,13.8,122
107,78,5.16,809,2.2,"yes",-0.5,64,3.5,"south","no",17,2,12.7,83
111,60,4.99,453,2.16,"no",-1.3,70,4,"north","no",1,4,8.6,110
99,41,4.78,513,2.18,"no",-2.7,75,3.7,"north","no",0,3,11.7,136
111,29,4.85,338,2.01,"no",-1.2,95,4.2,"south","no",1,4,11.6,171
109,44,4.64,278,1.85,"no",-1,44,4,"north","yes",0,4,9,195
130,70,5.02,653,1.97,"no",-0.6,28,3.2,"south","no",2,3,10,112
107,61,5.03,642,2.23,"no",-1.5,75,4.2,"south","no",2,2,14.7,105
96,42,4.76,432,2.1,"no",-1.2,73,4.7,"south","no",0,2,16,153
108,67,5,532,1.92,"no",-0.7,59,3.6,"north","no",4,5,9.8,113
110,71,5.21,577,1.86,"no",0.1,62,3.8,"south","no",1,2,11.1,102
103,53,5.29,514,1.96,"no",-0.1,36,4.7,"south","no",0,3,9.3,98
114,47,4.99,500,2.07,"no",-2.5,51,3.9,"south","no",0,4,10.6,109
118,71,5.21,539,1.98,"no",0.2,59,3.9,"south","no",6,2,13.5,135
104,65,5.1,516,1.85,"no",-1.8,45,3.3,"north","no",1,5,13,122
105,63,5.08,606,1.93,"no",-1.3,51,4.2,"south","no",0,2,10,123
105,33,4.91,473,2.06,"no",-1.9,87,4.2,"north","no",0,4,11.2,157
96,56,4.81,496,2.03,"no",-2,71,4.3,"north","yes",1,4,20,158
124,80,5.21,548,1.94,"no",0.2,87,3.9,"south","no",46,2,27.6,130
106,44,5.04,395,1.87,"no",-0.7,9,3.8,"north","no",0,5,8,132
115,34,4.86,310,1.87,"no",-0.2,98,4,"south","no",0,5,8.1,172
107,58,5.12,588,2.07,"no",-0.7,61,3.9,"south","no",5,3,15.3,118
97,44,4.83,530,2.2,"no",-1.8,72,4.5,"south","no",1,2,35.6,137
101,35,4.75,371,2.11,"no",-1.5,59,4.3,"south","no",0,3,14,167
104,47,5.03,544,2.08,"no",-1.2,64,4.6,"north","no",1,4,10.8,135
94,33,4.94,336,1.89,"no",-0.8,34,3.9,"south","no",0,5,6.4,121
106,36,5.02,538,1.97,"no",-2.2,29,3.8,"north","no",0,2,9,131
111,54,5.11,512,1.72,"no",-0.9,48,3.6,"north","no",0,5,8.3,124
107,77,5.16,484,1.81,"no",1.2,50,4,"north","no",1,3,9.7,115
108,42,4.82,382,1.79,"no",-1.2,78,4.5,"south","yes",0,5,8.1,206
116,61,5.22,860,1.98,"no",-1,70,3.5,"south","no",2,2,20,101
112,50,4.9,347,1.66,"no",-1.1,71,2.9,"north","no",0,5,6.5,129
116,15,4.59,288,2.01,"no",-2.8,49,4.3,"north","yes",0,5,8.9,231
105,50,4.79,686,2.47,"no",-1.7,83,5.1,"south","no",2,0,25.1,101
111,58,5.24,634,1.95,"no",-1.4,59,3.6,"south","no",17,4,11.9,121
106,58,4.96,375,1.94,"no",0.4,61,4.2,"south","no",0,3,9.9,154
115,61,4.94,533,1.9,"no",-0.2,41,4,"south","no",1,3,8.4,148
110,65,4.95,628,2.03,"no",-1.1,55,3.7,"south","no",4,2,12.7,110
119,36,5.09,673,2.38,"no",-2.5,50,4.3,"north","no",3,4,9.8,90
107,44,4.99,459,1.67,"no",-1.6,54,4.1,"north","no",0,5,7.3,155
109,57,5.31,518,1.82,"no",0.2,77,3.6,"north","no",5,4,13.6,120
98,62,5.13,349,1.6,"no",0.3,79,4,"north","no",0,5,10.3,130
103,51,5.47,555,1.79,"no",-0.1,74,4.6,"north","no",2,4,11.4,96
109,49,5.02,510,2.14,"no",-0.9,36,3.7,"north","no",0,2,8.5,96
109,61,5.28,743,2.1,"no",-0.7,59,3.6,"north","yes",12,3,21,124
117,55,4.88,406,1.95,"no",0.3,64,4.3,"north","no",0,4,7.6,165
110,52,4.69,494,1.86,"no",-1.1,67,3,"north","no",0,4,7.2,147
116,56,5.25,601,2.11,"no",-0.6,60,3.7,"south","yes",2,4,12,107
111,46,4.77,333,1.94,"no",-2.2,41,2.9,"north","no",0,5,5.7,116
118,53,4.96,527,2,"no",-0.1,66,3.9,"north","no",1,3,9.7,155
104,63,5.08,477,1.88,"no",0.5,54,3.6,"north","no",2,4,10.7,136
115,51,5.27,679,2.18,"yes",-1.4,32,3.9,"south","no",29,2,13.9,100
120,45,4.75,331,1.92,"no",-0.6,79,2.8,"north","no",0,5,6.1,130
118,47,5.35,747,2.3,"yes",-1.7,40,3.9,"south","yes",18,2,10.8,115
116,32,5.05,647,2.19,"no",-3.2,33,4,"south","no",2,5,9,104
107,73,5.34,501,1.89,"no",0.9,51,3.9,"south","no",6,3,14.5,105
111,35,4.68,534,2.32,"no",-1.8,56,5,"north","no",0,3,11.6,146
110,63,5.09,536,1.8,"no",-1.3,35,4.2,"south","yes",1,4,9.5,144
111,67,5.3,450,1.78,"no",1.7,49,3.6,"north","no",4,5,10.4,131
120,55,4.8,525,1.92,"no",-1.2,83,3.1,"north","no",1,5,9.8,135
110,42,5.03,670,2.38,"no",-2.3,75,4,"north","no",3,2,11.7,75
99,32,4.97,222,1.72,"no",0.2,35,5.1,"north","yes",0,5,7.2,159
113,47,4.95,572,2.2,"no",-1.6,54,4.4,"south","no",3,2,19.1,137
119,56,5.06,586,2.11,"no",-0.1,81,3.7,"north","no",15,3,12,134
98,27,4.91,330,1.77,"no",-0.9,56,4.5,"north","yes",0,5,7.5,185
102,52,5.11,703,2.13,"yes",-2.5,75,2.6,"south","no",2,2,19,84
125,87,5.18,442,1.63,"no",1.1,71,3.2,"north","no",1,3,9.2,115
109,78,5.14,532,2.01,"no",0.2,80,3.2,"north","no",5,3,12.9,118
121,45,4.96,579,2.26,"no",-1.1,99,3.8,"south","no",1,2,14.8,106
109,74,4.93,888,2.19,"yes",-1,46,4.1,"south","no",8,1,14.8,78
107,93,5.26,505,1.64,"no",0.1,37,4.6,"south","no",7,2,14.3,137
115,22,4.95,266,1.74,"no",0.1,29,4.4,"south","no",0,4,7.2,164
105,58,5.11,550,2.12,"no",0.2,26,5,"south","no",4,2,12.4,124
113,35,5.17,334,1.65,"no",-2.6,43,3.4,"north","yes",1,5,9.5,129
98,37,4.92,373,2.17,"no",-2,64,3.9,"south","no",0,3,12.1,102
114,35,5.11,629,2.19,"no",-2.8,48,3.5,"north","no",7,2,18.1,112
102,52,5.04,632,2.06,"no",-1.4,80,3.6,"north","no",1,2,15.6,140
98,78,5.28,706,2.07,"yes",-0.4,86,3.3,"north","no",11,3,13.4,111
107,51,4.95,449,2.05,"no",-0.7,38,5,"south","no",0,2,18.3,127
116,41,4.84,654,2.26,"no",-2.2,74,3.6,"south","no",3,3,13.2,96
108,37,5.23,511,2,"no",-1.8,34,4.2,"north","no",1,3,12.7,127
108,70,5.08,605,1.89,"no",-1,44,3.2,"north","no",0,3,10.9,104
112,69,4.83,703,1.97,"no",-1.8,54,3.9,"south","no",1,3,10.5,114
115,74,4.93,508,1.94,"no",-1,62,3.6,"north","no",1,3,10.4,117
106,46,5.17,599,2.3,"no",-0.3,36,5.4,"south","no",36,2,14.7,107
105,72,5.14,552,2.04,"no",0,55,4.2,"north","no",1,3,12.3,115
113,32,4.96,807,2.49,"no",-1.9,81,5.5,"south","no",6,1,32,106
129,84,5.18,530,1.89,"no",2.1,66,3.6,"south","no",7,2,16.1,118
105,43,5.18,384,1.83,"no",0.1,32,4,"north","yes",1,5,9.7,130
106,72,5.11,455,1.86,"no",0,68,3.8,"south","no",0,3,10.7,132
101,33,4.91,377,1.81,"no",-1.9,37,4.2,"north","no",0,5,5.9,150
116,32,5.02,344,1.98,"no",-0.3,83,4.3,"north","no",0,4,9.3,148
113,59,4.99,616,2.29,"no",-0.4,64,4.1,"south","no",1,2,10,93
115,77,4.95,561,1.84,"no",0.3,93,3.6,"north","no",1,2,12.4,135
99,40,5.12,444,1.94,"no",-1,69,4,"north","no",1,5,10.9,125
110,62,5.15,653,2.2,"no",-0.6,44,4.8,"south","no",10,2,23.7,108
119,35,5.05,451,2.08,"no",-0.4,81,3.8,"north","no",0,5,8.4,114
102,35,5.02,326,1.68,"no",-0.4,36,4,"north","no",0,5,7.5,144
112,64,5.25,680,2.05,"no",-0.9,60,4.1,"south","no",7,2,11.5,107
111,66,5.07,737,2.31,"yes",-1,73,3.5,"south","no",108,0,25,83
119,62,5.05,724,2.08,"no",-0.7,49,3.6,"north","no",4,2,11.8,127
112,66,4.85,481,1.83,"no",-1.5,76,4.2,"south","no",0,5,9.3,158
123,67,5.07,562,1.95,"no",-1.4,56,2.7,"north","no",1,2,12.6,93
104,51,5.19,702,1.95,"no",-2.2,31,4.6,"north","no",0,3,9.8,125
95,55,5.25,548,2,"no",0.1,46,3.9,"north","no",1,4,10.3,126
117,65,5.06,705,2.04,"yes",-1,62,2.5,"south","no",5,3,10.2,81
104,48,4.8,185,1.82,"no",0.7,64,4.3,"south","yes",0,5,9.3,157
110,59,4.84,658,2.22,"no",-1.7,69,4.1,"south","no",7,2,18.1,111
99,67,5.33,508,2.08,"no",1.1,62,3.8,"north","no",6,4,13.3,108
115,47,4.97,642,2,"no",-3.5,32,3.1,"north","no",2,4,13.7,114
110,31,5.23,607,2.26,"no",-1.5,70,4.7,"south","no",6,3,14,107
123,37,4.93,664,2.44,"no",-1.2,69,4.4,"south","no",9,0,14.2,82
127,62,5.07,563,1.94,"no",-0.7,66,2.3,"north","no",2,5,9.6,103
96,37,5.19,666,2.34,"no",-1.1,53,4.7,"north","no",0,3,9.4,72
119,50,4.97,507,1.89,"no",-0.6,92,3.2,"north","no",0,4,11.4,142
105,46,5,449,1.96,"no",-1,39,4.1,"south","yes",2,5,11.4,138
115,41,4.92,427,2.12,"no",-0.4,60,4.7,"south","no",1,4,9.9,158
99,67,4.93,877,2.11,"yes",-0.5,91,3.2,"south","no",10,2,18,72
104,29,5.16,522,2.3,"no",-0.3,45,4.7,"south","no",3,2,17.6,108
94,53,4.86,479,1.88,"no",-1.4,63,3.5,"north","no",0,5,8,127
110,65,4.82,410,2.08,"no",-0.1,87,3.3,"north","no",0,2,13.2,117
119,64,5.23,524,1.68,"no",-1.4,76,2.8,"north","no",0,5,7.9,90
90,14,4.69,135,1.84,"no",-0.3,41,3.9,"north","no",0,5,7.3,169
94,46,5.1,831,2.2,"no",-0.6,76,4.2,"north","no",3,3,18.2,88
117,52,5.23,771,2.22,"no",-0.3,75,4.3,"south","no",34,1,19,113
115,40,4.78,391,1.67,"no",-1.8,45,4.1,"north","yes",0,5,6.1,210
95,63,5.07,682,2.25,"no",-0.9,53,4.8,"south","no",7,2,19.6,80
111,19,5.07,819,2.54,"yes",-3.2,92,4.7,"north","no",8,2,12.1,79
102,41,5.08,319,1.82,"no",0.9,59,3.7,"north","yes",0,4,12.2,120
114,47,4.8,505,1.82,"no",-2.9,67,3.9,"south","no",0,5,8.5,173
118,37,5.12,252,1.85,"no",1.8,59,4.4,"north","no",1,5,7.5,139
115,68,5.24,639,1.99,"no",0,63,3.6,"south","no",3,2,10,118
103,43,4.91,364,1.9,"no",-0.7,67,3.1,"north","no",0,5,8.1,112
119,59,5.13,617,2.12,"no",-0.1,61,4.2,"south","no",1,3,9.4,123
107,53,5.03,348,1.72,"no",-1,37,4.5,"south","no",1,4,8.1,140
106,56,5.06,545,2.12,"no",-1.4,33,4.3,"north","no",1,3,10.1,118
100,49,5.07,488,1.86,"no",-1.7,24,4.1,"north","no",1,4,10.1,127
99,62,5.15,468,1.8,"no",-0.6,68,3.3,"north","no",0,4,10,101
112,47,4.92,515,1.92,"no",-0.3,46,4.7,"south","no",2,5,9.5,154
108,43,5.02,211,1.49,"no",1,41,4.8,"south","yes",0,5,6.1,138
103,35,5.03,685,2.49,"no",-2.8,54,5.7,"south","no",4,0,20.5,102
102,50,4.93,881,2.49,"yes",-2,96,4.8,"south","no",11,0,15.4,68
105,31,4.68,808,2.42,"no",-3.5,75,5.7,"south","no",2,2,23,136
105,62,5.08,463,1.72,"no",-1.1,68,3.7,"south","no",1,5,10,129
113,68,4.85,523,1.94,"no",-2,90,3,"south","no",0,5,8.4,107
113,77,4.94,466,1.84,"no",-0.3,44,4.2,"south","no",0,2,8.6,139
99,39,4.68,282,1.92,"no",-1.2,77,4.4,"north","no",0,3,8.8,198
116,51,5.03,434,1.97,"no",-0.9,81,3.2,"south","no",1,4,10.9,121
117,34,4.89,375,1.8,"no",-2.2,75,4.1,"north","no",0,3,9.2,195
113,39,4.88,422,2.13,"no",-1,79,4.1,"south","no",0,3,9.5,140
110,65,5.34,721,2.18,"yes",0.5,70,3.7,"south","no",38,2,32.4,131
110,33,4.83,421,2.03,"no",-1.2,56,4.1,"north","no",0,5,8.7,149
118,69,5.06,545,2.07,"no",-0.7,54,3.8,"south","no",0,2,11.7,106
100,57,5.22,563,2.11,"no",0.9,58,4.9,"north","no",1,2,11.6,101
115,45,4.99,409,1.71,"no",-0.9,77,3.7,"north","no",0,5,6.7,166
123,66,5.02,500,1.99,"no",-0.4,63,3.6,"north","no",8,5,10.9,123
95,53,5.07,699,2.28,"no",-2,70,4.5,"north","no",2,2,12.7,108
98,65,5.24,401,1.62,"no",1.1,51,4,"south","no",13,4,20.7,129
110,39,4.71,164,1.35,"no",-1.2,64,5,"north","no",0,5,1.2,192
104,45,5.02,719,2.23,"no",-1.4,55,4.4,"north","no",5,2,22.1,137
114,44,5,396,1.89,"no",-0.7,90,4,"south","no",1,4,9.7,155
93,53,5.04,451,2.14,"no",-0.7,41,4.5,"north","yes",1,4,14.2,126
85,60,5.32,704,1.84,"no",-1.4,44,3.1,"north","no",7,3,55.4,121
108,35,5.14,514,2.24,"no",-1.9,57,3.9,"south","no",26,3,20.7,111
135,41,5.09,502,1.8,"no",-1.7,64,3.3,"north","no",10,5,8.9,162
94,30,4.94,407,2.17,"no",-2,49,4.4,"south","yes",0,5,12.4,117
110,54,5,336,1.75,"no",-0.8,39,3.7,"north","yes",0,5,8.5,122
120,45,5.02,502,1.97,"no",-2.6,61,3.4,"north","no",0,4,8.7,131
109,13,4.81,278,2.07,"no",-0.8,87,4.1,"north","no",0,5,6.8,163
115,32,4.81,275,2.03,"no",-0.3,83,3.6,"south","no",1,4,11.5,160
108,39,4.89,913,2.23,"no",-1.4,26,4.5,"north","no",2,2,14.4,82
115,66,5.13,424,1.98,"no",0,89,3.2,"north","no",1,3,9.2,93
122,52,5.12,544,2.08,"no",-1.1,30,4.1,"south","no",5,4,8.9,120
102,59,5.16,395,1.85,"no",0.6,45,4.8,"south","no",0,2,8,128
104,73,5.23,572,1.48,"no",-0.6,52,4.8,"north","no",2,5,7.5,116
95,30,4.78,360,1.99,"no",-1.5,51,4.1,"south","no",0,5,8.3,165
116,67,5.03,630,2.05,"no",-0.7,92,3.8,"south","no",2,3,10,127
130,54,5.1,845,2.32,"no",-1.2,81,4.4,"south","no",269,1,22.1,114
107,31,4.92,662,2.1,"no",-3.1,65,4.6,"south","no",0,3,14.7,150
114,67,5.01,421,1.83,"no",0.5,44,3.2,"north","no",0,4,9.8,116
122,72,5.4,693,1.79,"no",-0.1,61,3.8,"south","no",8,4,12.7,101
113,46,5.07,298,1.79,"no",-0.8,36,3.6,"north","no",1,4,8.9,129
110,65,5,575,1.91,"no",-2.7,61,3.4,"north","no",0,4,8.6,118
115,66,5.16,615,2.03,"no",-0.5,79,3.8,"south","no",10,2,31.2,121
105,49,5.07,430,2.09,"no",-1.3,39,4.4,"south","no",0,3,9.1,95
127,51,5.03,315,1.55,"no",-0.7,63,4.3,"south","yes",0,5,5.9,152
103,51,5,394,1.81,"no",-0.2,50,5,"south","no",0,3,9.9,171
108,21,4.79,240,1.94,"no",0.2,57,4.2,"south","no",1,5,8.5,193
106,58,4.99,532,2.1,"no",-1.3,91,3.8,"north","no",0,1,15.2,104
109,51,5,448,2.23,"no",-1.2,44,4.3,"north","no",0,2,10.7,109
112,24,4.94,497,2.48,"no",-1.7,66,4.7,"south","no",2,2,29.6,107
99,59,5.09,676,2.27,"no",-1.4,56,4.7,"south","no",6,0,23.3,99
126,68,4.94,366,1.73,"no",0.7,65,2.8,"north","no",3,5,8.7,119
120,51,5.17,780,2.05,"no",-1.2,64,3.7,"north","no",3,3,12.9,109
109,65,5.02,387,1.67,"no",0.1,68,4.3,"south","no",0,4,8.5,150
110,56,4.95,479,2.06,"no",-0.3,32,4.5,"south","no",1,2,10.9,141
119,50,4.89,432,1.76,"no",-2.9,93,3,"north","no",0,5,6.5,149
112,68,5.11,508,1.79,"no",-0.2,38,4.5,"south","no",2,3,10.5,141
107,61,4.87,459,1.79,"no",-1.7,79,4,"north","no",0,3,10.5,166
99,46,4.98,506,2.13,"no",-1.2,60,3.2,"north","no",1,3,16.1,104
105,72,5.09,574,2.11,"no",-0.1,39,4,"north","no",2,2,14.4,102
111,43,4.93,533,2.13,"no",-2.4,58,4.1,"south","no",1,4,9.9,114
121,65,4.92,365,1.9,"no",-0.9,71,3.1,"south","no",1,3,7.9,109
116,50,5.03,580,1.92,"no",-0.8,62,3.8,"south","no",1,3,12.8,139
104,48,4.89,350,1.88,"no",-0.6,54,4.4,"north","no",0,3,10,165
96,71,5.09,710,2.02,"no",-1.1,61,4.3,"south","no",2,1,15.1,127
110,48,4.95,714,2.32,"no",-0.6,68,4,"north","no",6,3,11.3,89
115,39,4.7,499,2.18,"no",-3,79,4,"north","yes",0,5,10.3,170
110,12,4.64,541,2.42,"no",-2.8,92,4.3,"north","no",0,2,28.9,159
113,65,5.07,514,2.11,"no",0,55,3,"north","no",5,2,14,112
109,4,4.68,69,1.67,"no",0.3,53,4.4,"north","yes",0,5,5.1,208
106,64,5.02,504,1.92,"no",-1.8,71,2.4,"north","yes",0,5,13,113
105,51,5.1,599,2.17,"no",-2,63,4.1,"south","no",6,4,11.4,131
113,62,5.3,577,2.02,"no",-0.3,66,3.8,"south","no",9,4,10.7,119
120,66,5.04,500,1.94,"no",-0.7,53,3.1,"south","no",1,4,8.8,104
115,48,4.98,412,2.1,"no",-0.3,66,3.6,"north","yes",1,5,11.4,120
117,43,5.01,501,1.83,"no",-1,40,4,"north","no",0,5,6.9,130
115,49,4.79,437,2.16,"no",-0.3,56,4.4,"south","no",1,3,10.6,144
104,36,4.85,422,1.95,"no",-1.8,63,3.8,"north","no",0,4,7.8,149
106,68,4.88,540,2.12,"no",-1.2,59,3.4,"north","no",1,4,10.4,83
117,60,5.09,434,1.66,"no",-1.2,54,4.3,"north","no",0,4,7.7,151
117,56,5.23,422,1.79,"no",0.2,48,3.7,"north","no",11,4,10.1,124
106,28,4.97,402,1.99,"no",-0.9,42,4.8,"north","no",0,4,8.8,161
107,51,4.85,388,1.68,"no",0.4,62,3.4,"north","no",0,5,7.1,150
104,32,4.64,568,2.37,"no",-3.2,88,4.8,"south","yes",0,2,110.7,146
105,53,5.21,561,1.95,"no",-1.1,85,3.8,"north","no",1,4,12.1,130
124,31,4.73,338,1.95,"no",-2.3,50,4.4,"south","yes",0,4,8.6,217
108,40,4.95,356,2.02,"no",-0.4,88,4,"north","no",1,2,18.3,153
112,55,5.23,654,2.01,"no",-1.7,62,3,"north","no",2,5,9.7,120
114,71,4.97,622,2.34,"no",0.1,107,4.2,"south","no",11,1,26.7,99
107,49,4.95,369,1.69,"no",-1,43,4.6,"north","yes",0,5,6.5,169
106,24,4.93,208,1.84,"no",-0.8,47,4.1,"north","no",0,4,7.1,146
112,41,5.06,635,2.28,"no",-0.9,81,4.7,"south","no",5,1,31.9,123
103,41,4.79,212,1.75,"no",0.9,49,4.4,"south","no",0,4,6.2,147
108,79,5.13,486,1.7,"no",0.2,90,3.5,"north","no",2,4,12.5,133
99,72,5.34,531,1.91,"no",0.1,19,4.6,"south","no",5,3,17.2,122
107,40,5.1,567,2.26,"no",-1.4,63,4.6,"south","no",2,2,14.6,104
116,26,4.93,267,1.99,"no",-0.4,48,4,"south","no",0,5,8.1,135
111,66,5.1,431,2.08,"no",-0.2,61,3.4,"north","no",0,3,16,114
120,47,4.94,402,1.9,"no",-1.4,54,4.3,"south","no",1,3,10.2,155
108,36,5.18,767,2.21,"no",-2.4,66,4.5,"south","no",4,2,14.4,102
131,36,4.74,339,2.06,"no",-1.6,88,3.3,"north","no",0,4,9.6,162
116,60,4.84,552,2.18,"no",-1.5,61,3.3,"north","no",0,2,8.5,84
108,63,5.32,661,1.83,"no",-0.5,31,3.3,"north","no",0,5,9.1,91
